{
    "users": {
        "zxcEnter": {
            "userId": 1,
            "accessToken": "eyJhbGciOiJIUzI1NiJ9.eyJqdGkiOiI1000000\",\"iat\":1755159889,\"sub\":\"2025-08-14 11:24:49\",\"iss\":\"Sandbox-Security-Basic\",\"exp\":1756023889}.fake_signature",
            "account": "zxcEnter",
            "hasPassword": true,
            "password": "890890lol",
            "nickName": "zxcEnter(God)",
            "sex": 1,
            "picUrl": "http://static.sandboxol.com/sandbox/activity/login/login_male_pic_1.png",
            "telephone": "",
            "birthday": "1111-11-11",
            "details": "Blocky Go 1.0 Beta | zxcEnterl",
            "diamonds": 500,
            "golds": 100,
            "vip": 3,
            "expireDate": "",
            "deviceId": "41429a9bd422b78d",
            "games": [
                {
                    "gameId": "g1008",
                    "name": "Classic Game",
                    "iconUrl": "http://staticgs.sandboxol.com/sandbox/games/images/g1008-1684547322902.png",
                    "version": "1.0",
                    "isNewEngine": 0,
                    "isUgc": 0,
                    "regionId": "global",
                    "roomAddr": "",
                    "gameInstanceId": "",
                    "isPrivateParty": 0,
                    "appVersion": 3999,
                    "mode": "classic"
                },
                {
                    "gameId": "g1048",
                    "name": "Tournament Game",
                    "iconUrl": "http://staticgs.sandboxol.com/sandbox/games/images/g1048-1710474142954.png",
                    "version": "1.0",
                    "isNewEngine": 0,
                    "isUgc": 0,
                    "regionId": "global",
                    "roomAddr": "",
                    "gameInstanceId": "",
                    "isPrivateParty": 0,
                    "appVersion": 3999,
                    "mode": "tournament"
                }
            ],
            "recentGames": [
                {
                    "gameId": "g2001",
                    "name": "Classic Game",
                    "iconUrl": "http://static.sandboxol.com/game/g2001.png",
                    "version": "1.0",
                    "isNewEngine": 0,
                    "isUgc": 0,
                    "regionId": "global",
                    "roomAddr": "",
                    "gameInstanceId": "",
                    "isPrivateParty": 0,
                    "appVersion": 3999,
                    "lastPlayed": "2025-08-14 11:00:00",
                    "mode": "classic"
                }
            ],
            "language": "ru",
            "isFirstLogin": false
        },
        "moderator": {
            "userId": 1000001,
            "accessToken": "eyJhbGciOiJIUzI1NiJ9.eyJqdGkiOiI1000001\",\"iat\":1755160773,\"sub\":\"2025-08-14 11:39:33\",\"iss\":\"Sandbox-Security-Basic\",\"exp\":1756024773}.fake_signature",
            "account": "moderator",
            "hasPassword": false,
            "password": null,
            "nickName": "",
            "sex": 1,
            "picUrl": "http://static.sandboxol.com/sandbox/activity/login/login_male_pic_1.png",
            "telephone": "",
            "birthday": "",
            "details": "",
            "diamonds": 0,
            "golds": 0,
            "vip": 0,
            "expireDate": "",
            "deviceId": "41429a9bd422b78d"
        },
        "admins": {
            "userId": 1000002,
            "accessToken": "eyJhbGciOiJIUzI1NiJ9.eyJqdGkiOiI1000002\",\"iat\":1755189892,\"sub\":\"2025-08-14 19:44:52\",\"iss\":\"Sandbox-Security-Basic\",\"exp\":1756053892}.fake_signature",
            "account": "admins",
            "hasPassword": false,
            "password": null,
            "nickName": "",
            "sex": 1,
            "picUrl": "http://static.sandboxol.com/sandbox/activity/login/login_male_pic_1.png",
            "telephone": "",
            "birthday": "",
            "details": "",
            "diamonds": 0,
            "golds": 0,
            "vip": 0,
            "expireDate": "",
            "deviceId": "41429a9bd422b78d",
            "games": [
                {
                    "gameId": "g2001",
                    "name": "Classic Game",
                    "iconUrl": "http://static.sandboxol.com/game/g2001.png",
                    "version": "1.0",
                    "isNewEngine": 0,
                    "isUgc": 0,
                    "regionId": "global",
                    "roomAddr": "",
                    "gameInstanceId": "",
                    "isPrivateParty": 0,
                    "appVersion": 3999,
                    "mode": "classic"
                },
                {
                    "gameId": "g2002",
                    "name": "Tournament Game",
                    "iconUrl": "http://static.sandboxol.com/game/g2002.png",
                    "version": "1.0",
                    "isNewEngine": 0,
                    "isUgc": 0,
                    "regionId": "global",
                    "roomAddr": "",
                    "gameInstanceId": "",
                    "isPrivateParty": 0,
                    "appVersion": 3999,
                    "mode": "tournament"
                }
            ],
            "recentGames": [
                {
                    "gameId": "g2001",
                    "name": "Classic Game",
                    "iconUrl": "http://static.sandboxol.com/game/g2001.png",
                    "version": "1.0",
                    "isNewEngine": 0,
                    "isUgc": 0,
                    "regionId": "global",
                    "roomAddr": "",
                    "gameInstanceId": "",
                    "isPrivateParty": 0,
                    "appVersion": 3999,
                    "lastPlayed": "2025-08-14 11:00:00",
                    "mode": "classic"
                }
            ]
        }
    },
    "next_user_id": 1000003
}